Distance,Delivery_Person_Experience,Restaurant_Rating,Customer_Rating,Delivery_Time,Order_Cost,Tip_Amount,Customer_Lat,Customer_Lon,Restaurant_Lat,Restaurant_Lon,Haversine_Distance_km,Is_Peak_Hour,Delivery_Stress_Score,Avg_Rating,Log_Distance,Log_Order_Cost,Sqrt_Tip_Amount,Traffic_Conditions_Enc,Order_Priority_Enc,Order_Time_Enc,Vehicle_Type_Enc,Weather_Cloudy,Weather_Rainy,Weather_Snowy,Weather_Sunny,Distance_x_Traffic,Experience_x_Stress
0.04306808859721084,0.3333333333333333,0.6399999618530274,0.16666669978035697,26.22,0.6393190549885612,0.8152284533531076,17.030479,79.743077,12.358515,85.100083,0.5875181358428672,1,0.4545454545454545,0.43478261770958726,0.18521936858696902,0.8516830751306275,0.8921453401166461,2,2,2,2,0,1,0,0,0.08613617719442168,0.1515151515151515
0.8531583264971289,0.7777777777777777,0.8,0.6666666004392863,62.61,0.015950980742468257,0.2820304675471945,15.398319,86.639122,14.174874,77.025606,0.7976490724111809,0,0.2727272727272727,0.7826086911452064,0.9475372529955541,0.07797163071275515,0.4816023004844134,2,1,4,2,1,0,0,0,1.7063166529942577,0.21212121212121207
0.263740771123872,0.8888888888888888,0.3199999809265137,0.33333339956071373,48.43,0.8117240329348381,0.63888324396247,15.687342,83.888808,19.594748,82.048482,0.3516295137795514,0,0.6363636363636364,0.3478260734356191,0.583474714436014,0.930214997640201,0.777270832351223,2,3,4,1,0,0,1,0,0.527481542247744,0.5656565656565656
0.544298605414274,0.1111111111111111,0.2800000190734864,0.4583333747254461,111.63,0.22342569425507236,0.7917767009783283,20.415599,78.046984,16.915906,78.278698,0.2836367945773769,1,0.09090909090909091,0.39130439740273015,0.8024033702540858,0.5317218795744107,0.8776271649175911,1,2,3,1,1,0,0,0,0.544298605414274,0.0101010101010101
0.25430680885972107,0.5555555555555556,0.40000000000000013,0.08333334989017849,32.38,0.2653216773629898,0.011167511965436035,14.786904,78.706532,15.206038,86.203182,0.6118251790568922,0,0.7272727272727273,0.2608696328219047,0.5731212576360041,0.5802941968457609,0.04689872283365365,3,1,4,1,0,1,0,0,0.7629204265791631,0.4040404040404041
0.3888433141919606,1.0,0.11999998092651376,0.29166667494508935,60.72,0.39360145294083426,0.5752284543213048,15.560205,80.59125,12.478068,78.823965,0.2854140873671407,1,0.7272727272727273,0.21739130885479363,0.697994060909392,0.6978590964562956,0.7320332456689758,3,2,3,0,0,1,0,0,1.166529942575882,0.7272727272727273
0.18990976210008206,0.5555555555555556,0.7600000381469727,0.7916666749450894,28.76,0.2811286731830084,0.6844670570688285,21.397639,84.89693,15.934011,86.767357,0.4795910434959676,1,0.09090909090909091,0.8260869114520635,0.49293798642118175,0.597037900068115,0.8083201925911967,2,3,3,2,0,0,0,1,0.3798195242001641,0.05050505050505051
0.9044298605414275,0.6666666666666665,0.2800000190734864,0.7083334243959816,57.28,0.10237743812413962,0.0,12.512731,86.268971,12.019922,78.4686,0.6455359604026168,1,0.6363636363636364,0.5217391619835554,0.9667546581435225,0.33703528776966696,0.0,2,1,3,0,0,0,1,0,1.808859721082855,0.42424242424242414
0.5196882690730107,0.7777777777777777,0.2800000190734864,0.16666669978035697,47.22,0.587029108414747,0.38335026206135714,18.814724,86.95472,15.30437,84.059261,0.3680379407216728,0,0.6363636363636364,0.23913041900822218,0.7877980770346011,0.8240197589735274,0.5782927089076397,2,1,4,0,0,0,1,0,1.0393765381460214,0.49494949494949486
0.7809680065627563,0.7777777777777777,0.48000001907348633,0.6249999751647324,81.55,0.1583685312073974,0.23634518736414906,14.364647,87.968582,13.508338,84.206901,0.3049566138767411,1,0.6363636363636364,0.5869565961040952,0.9185706680422705,0.4402286086395182,0.4325509575694631,2,3,2,0,0,0,1,0,1.5619360131255127,0.49494949494949486
0.730926989335521,0.6666666666666665,0.40000000000000013,0.4166666501098215,34.68,0.059153545239742825,0.30233503651743693,13.516083,77.368398,21.043034,80.024796,0.6721812511116232,1,0.7272727272727273,0.43478261770958726,0.8969973135932277,0.23035079949856185,0.5021736381932667,3,1,2,2,0,1,0,0,2.192780968006563,0.48484848484848475
0.10336341263330599,0.6666666666666665,0.40000000000000013,0.33333339956071373,106.88,0.4192691455861952,0.5911675378647138,21.81819,81.305941,19.321344,80.471393,0.20564353896668128,1,0.0,0.39130439740273015,0.3447445271643852,0.7173787519478827,0.7435816671066655,1,3,2,1,0,0,0,1,0.10336341263330599,0.0
0.033634126333059886,0.6666666666666665,0.6000000000000001,0.8749999254941971,23.12,0.9197384718216324,0.1077157421631055,15.800841,79.0468,19.299898,77.014496,0.3268227635774354,0,0.2727272727272727,0.7826086911452064,0.15215504465065455,0.9718914290419454,0.2624495570350616,1,3,1,0,0,0,1,0,0.033634126333059886,0.18181818181818177
0.01435602953240361,0.0,0.0,0.7083334243959816,55.43,0.3733307780498786,0.5174619308151144,17.328378,81.85932,21.881675,82.349324,0.3773713530776102,1,0.4545454545454545,0.3695652872493016,0.07308259955630947,0.6816566833841211,0.6888080239776018,3,2,3,1,1,0,0,0,0.04306808859721083,0.0
0.3917145200984414,0.5555555555555556,0.9600000381469727,0.29166667494508935,29.29,0.14462007872591687,0.5433502485065951,12.865312,81.430712,16.452125,83.164956,0.32332900952132926,1,0.09090909090909091,0.6739130367178094,0.700231197539898,0.4175019545162204,0.7084566873942821,1,2,3,2,1,0,0,0,0.3917145200984414,0.05050505050505051
0.82895816242822,0.6666666666666665,0.48000001907348633,0.33333339956071373,50.11,0.4534909780800411,0.45857868854698963,14.62525,78.17385,12.069338,80.962928,0.3030054949559832,0,0.6363636363636364,0.4347827213698412,0.9380895242249547,0.7418552694219511,0.642246558211955,2,3,1,2,0,0,1,0,1.65791632485644,0.42424242424242414
0.5537325676784249,0.0,0.7600000381469727,0.6666666004392863,17.53,0.19856328859544775,0.2259898525419784,21.621044,83.330567,12.736908,77.460086,0.8964603605609904,0,0.7272727272727273,0.7608696846520318,0.8078455116807362,0.4994483530964722,0.4208207418900483,3,2,1,1,0,1,0,0,1.661197703035275,0.0
0.1730926989335521,0.1111111111111111,0.0,0.8333333002196432,79.64,0.030995346350994935,0.938578725338487,13.110016,81.85359,16.175275,81.118374,0.25211216068254305,1,0.1818181818181818,0.43478261770958726,0.4686064479076078,0.13864491554452796,0.9653310911506143,3,1,2,1,0,0,0,1,0.5192780968006563,0.020202020202020197
0.33182936833470056,0.4444444444444445,0.1600000381469726,0.8333333002196432,41.29,0.5491221602861738,0.5141116970735281,20.445084,79.190647,12.511262,82.796889,0.7344825423863899,1,0.09090909090909091,0.5217391619835554,0.6503518478720214,0.8025427626922013,0.6862305008311793,2,1,2,1,0,0,0,1,0.6636587366694011,0.04040404040404041
0.5385561936013127,0.8888888888888888,0.1600000381469726,0.5833333498901785,105.53,0.9017822646396817,0.12375635087503917,15.372184,81.192175,13.79455,78.669119,0.2311156002955071,1,0.9999999999999999,0.39130439740273015,0.7990491710655094,0.9652899831022292,0.2875033614537177,3,1,2,2,0,0,1,0,1.6156685808039382,0.8888888888888887
0.7686628383921248,1.0,0.6000000000000001,0.33333339956071373,43.19,0.670138436042673,0.9983756747593883,20.391596,78.35831,13.595826,87.437759,0.9418407994837613,0,0.2727272727272727,0.5000000518301269,0.9133868300603096,0.86704222593848,0.9990968861878706,2,1,1,1,1,0,0,0,1.5373256767842496,0.2727272727272727
0.19114027891714522,0.6666666666666665,0.7200000762939454,0.08333334989017849,39.7,0.6777805900073113,0.48152283444309113,20.90434,77.535905,14.054784,84.733876,0.8256488927229585,1,0.09090909090909091,0.4347827213698412,0.4946541330079239,0.8707511419390479,0.6607174012945733,2,3,3,1,0,0,0,1,0.38228055783429044,0.060606060606060594
0.2715340442986054,0.4444444444444445,0.4399999618530275,0.33333339956071373,98.27,0.06182004119251251,0.004771573998466158,20.755161,80.352103,17.361127,79.954404,0.2755961324195404,0,0.4545454545454545,0.4130435075561587,0.5918041023846063,0.23793399718125108,0.02187615338484769,3,1,1,0,1,0,0,0,0.8146021328958162,0.20202020202020202
0.20754716981132076,0.0,0.11999998092651376,0.20833332505491087,32.22,0.9835530060913175,0.4551269102729327,14.702472,87.730108,15.846967,78.528528,0.7603991907254902,1,0.1818181818181818,0.1739129848876826,0.5167721905181741,0.9944165972364756,0.6394291504970839,1,2,3,1,0,1,0,0,0.20754716981132076,0.0
0.43232157506152585,0.4444444444444445,0.23999996185302752,0.8333333002196432,105.6,0.9416570555333995,0.20710659720319025,17.731821,80.929601,14.154959,86.969719,0.5738609960731459,1,0.09090909090909091,0.5652173822904127,0.7304390828437164,0.9797885818591792,0.39875501574840305,2,2,3,1,0,0,0,1,0.8646431501230517,0.04040404040404041
0.12674323215750616,0.6666666666666665,0.4399999618530275,0.7500000496705355,80.74,0.483222407953423,0.6136040772821376,18.407158,83.443782,20.356516,87.150792,0.3271495380375366,1,0.1818181818181818,0.6304348164109523,0.39129069047072,0.761844316941303,0.7595824622079368,1,3,2,2,0,1,0,0,0.12674323215750616,0.12121212121212117
0.0918785890073831,0.1111111111111111,0.6000000000000001,0.33333339956071373,22.99,0.8325706800655919,0.36101522844851214,21.852091,81.820285,12.73781,86.919703,0.8813624883957796,1,0.2727272727272727,0.5000000518301269,0.31941393011398167,0.9386443677493097,0.558154227426128,2,2,2,0,1,0,0,0,0.1837571780147662,0.0303030303030303
0.3187038556193601,0.4444444444444445,0.8799999237060547,0.08333334989017849,102.31,0.3897030371598849,0.7495431603414479,20.974232,80.728561,13.820324,85.504206,0.7193005421128138,1,0.4545454545454545,0.5217391619835554,0.6384085290922603,0.69479931778953,0.8509374272737389,2,2,3,2,0,1,0,0,0.6374077112387202,0.20202020202020202
0.27276456111566855,0.2222222222222222,0.8399999618530274,0.0,40.22,0.074491235168074,0.4809137221598347,15.605301,84.813409,20.08949,77.152126,0.7261719199385097,1,0.2727272727272727,0.4565217278630158,0.5931014702277937,0.27192965487702914,0.6602326883000829,1,2,2,1,0,0,1,0,0.27276456111566855,0.0606060606060606
0.17842493847415916,1.0,0.11999998092651376,0.7500000496705355,34.47,0.4802625714058492,0.21908629599386462,20.091229,80.580827,14.156297,84.191408,0.5777488810122314,1,0.0,0.4565217278630158,0.4765045843075207,0.7599035811941217,0.4128586054981795,1,2,3,1,0,0,0,1,0.17842493847415916,0.0
0.9671862182116491,0.4444444444444445,0.0,0.0,87.96,0.750170616925103,0.5412182780594137,17.012613,78.845912,14.558344,77.803961,0.2087029824430024,0,0.1818181818181818,0.0,0.9889350162317889,0.9041048521132655,0.7068560597608131,3,3,1,0,0,0,0,1,2.901558654634947,0.0808080808080808
0.4950779327317473,0.8888888888888888,0.6000000000000001,0.5416667246156246,18.89,0.6379485047128371,0.629746211162596,20.287421,78.348979,18.448297,78.690502,0.1400246932492034,1,0.1818181818181818,0.6086957062575238,0.7725616934031141,0.85098463622717,0.7709177066556991,1,2,2,0,0,1,0,0,0.4950779327317473,0.16161616161616157
0.3412633305988515,0.5555555555555556,0.0,0.25000004967053546,66.84,0.005199667107900902,0.22771574167900685,18.793881,82.333879,14.881524,83.580509,0.3347596356571556,1,0.09090909090909091,0.13043476458082526,0.6586929573340099,0.0273218000756299,0.4227931798570959,1,3,2,0,1,0,0,0,0.3412633305988515,0.05050505050505051
0.3687448728465956,0.8888888888888888,0.1600000381469726,0.08333334989017849,67.53,0.6337247516876504,0.735837591777691,19.831199,79.788236,13.444446,79.520149,0.5363879056860235,1,0.2727272727272727,0.13043476458082526,0.6819236805633604,0.8488234129045829,0.8421179077524805,2,3,3,0,1,0,0,0,0.7374897456931911,0.2424242424242424
0.32608695652173914,0.2222222222222222,0.9200000762939453,0.9166667494508922,106.37,0.8748506555167078,0.0308629468679828,21.746569,77.152905,17.186588,86.942375,0.8779171761635949,1,0.1818181818181818,0.9782609935068252,0.6451763420044334,0.9551552580038445,0.10765423213488357,3,3,3,2,0,0,0,1,0.9782608695652174,0.040404040404040394
0.9315012305168172,0.2222222222222222,0.2800000190734864,0.5,61.59,0.365197965393931,0.0020304573811228913,18.214891,82.606697,14.159996,86.423698,0.45523792111253897,0,0.1818181818181818,0.4130435075561587,0.9764942102653131,0.6749448224706969,0.009742234116618148,3,1,1,0,0,0,0,1,2.7945036915504518,0.040404040404040394
0.6534044298605415,0.4444444444444445,0.11999998092651376,0.8333333002196432,71.81,0.09678313482322871,0.9097461971237352,14.850875,78.609187,18.056226,79.16055,0.26104448868997704,1,0.2727272727272727,0.4999999481698729,0.8607304619445544,0.32488690168565126,0.9486709359116052,2,2,3,0,1,0,0,0,1.306808859721083,0.12121212121212122
0.6611977030352749,0.8888888888888888,0.8399999618530274,0.4583333747254461,66.11,0.6424815478325456,0.14558375864526057,14.884442,79.422718,19.142611,79.034599,0.35088902734997635,0,0.2727272727272727,0.6956522505314919,0.8645496392662824,0.8532898269805922,0.31933481846994566,1,1,4,1,0,0,1,0,0.6611977030352749,0.2424242424242424
0.17514356029532405,0.8888888888888888,0.5600000381469727,0.29166667494508935,59.42,0.17117837190550306,0.03614213460660637,17.690598,83.089253,12.165091,82.24713,0.46570781536244626,1,0.0,0.4565217278630158,0.4716651611630645,0.46018256302769167,0.12141148316520431,1,2,2,2,0,0,0,1,0.17514356029532405,0.0
0.07424118129614439,0.0,0.0,0.5416667246156246,94.66,0.15466209532304764,0.7026395781361058,21.941596,85.76634,20.060287,85.547677,0.14223395802966943,1,0.6363636363636364,0.2826087429753332,0.27658365125922224,0.4342420628324537,0.8204143729171396,2,2,3,1,0,0,1,0,0.14848236259228878,0.0
0.3014766201804758,0.7777777777777777,0.7600000381469727,0.3750000248352676,39.37,0.20023251766588152,0.39218273871960285,16.426728,79.20455,19.481325,79.353291,0.24433167715499565,1,0.6363636363636364,0.6086957062575238,0.6220928090924214,0.5017083507443765,0.5860993287356442,2,3,3,1,0,0,1,0,0.6029532403609515,0.49494949494949486
0.3465955701394586,0.6666666666666665,0.8399999618530274,0.6249999751647324,106.23,0.12722384545904764,0.7000000399381385,12.439207,86.374354,12.744838,84.520444,0.13720525037544648,1,0.4545454545454545,0.7826086911452064,0.6633216725012823,0.3865159179875235,0.8186673641088378,3,2,3,0,1,0,0,0,1.0397867104183758,0.3030303030303029
0.1948318293683347,0.8888888888888888,0.8799999237060547,0.20833332505491087,80.66,0.4664821385499351,0.3252791824135384,17.374095,85.883475,14.740708,87.492437,0.24396345634191102,1,0.4545454545454545,0.5869564924438413,0.4997530280100995,0.7507266417979048,0.5246363775947007,2,2,3,2,0,1,0,0,0.3896636587366694,0.404040404040404
0.09023789991796556,0.1111111111111111,0.5199999809265137,0.6249999751647324,100.79,0.7914693400935994,0.5032487557726798,16.09293,83.497623,14.216243,82.909317,0.14822180656163111,1,0.09090909090909091,0.6086956025972698,0.3156420500131922,0.9218311630086213,0.6778161626822554,2,3,2,2,0,0,0,1,0.18047579983593112,0.0101010101010101
0.24692370795734211,0.6666666666666665,0.6799999237060548,0.5,78.07,0.8584570436070796,0.38324875625677834,13.276315,83.081724,16.065326,82.663951,0.22333111540535594,1,0.1818181818181818,0.6304348164109523,0.5648010634914531,0.9488431164138449,0.5782024835065589,3,3,3,2,0,0,0,1,0.7407711238720264,0.12121212121212117
0.4889253486464315,0.2222222222222222,0.6399999618530274,0.16666669978035697,28.39,0.3875751785975746,0.6444670314116001,14.334146,86.906413,15.405122,77.677359,0.7633866748846311,0,0.1818181818181818,0.43478261770958726,0.7686474753350294,0.6931181000270645,0.781131340280734,1,2,4,1,0,1,0,0,0.4889253486464315,0.040404040404040394
0.13945857260049221,1.0,0.5600000381469727,0.5833333498901785,98.89,0.6312289479318572,0.20558375840321125,12.628599,87.09608,15.378239,87.153181,0.21737998305545622,1,0.2727272727272727,0.6086957062575238,0.4142425241822428,0.8475400314194794,0.39693492382784995,1,2,2,0,0,0,1,0,0.13945857260049221,0.2727272727272727
0.3162428219852338,1.0,0.1600000381469726,0.12500007450580308,113.45,0.42841523972419504,0.02111675095449428,20.407941,82.416335,19.834406,86.147854,0.28746866667285137,1,0.1818181818181818,0.15217397839450797,0.6361234189744498,0.7240854772811347,0.07984883510556967,1,3,3,0,0,1,0,0,0.3162428219852338,0.1818181818181818
0.6296144380639869,0.6666666666666665,0.2800000190734864,0.4166666501098215,73.72,0.18936921575829774,0.35522842939022437,21.878381,80.343123,12.233726,78.803931,0.8310702355049363,1,0.6363636363636364,0.3695652872493016,0.848809332317245,0.4867384769135983,0.5528389893997379,2,2,2,1,0,0,1,0,1.2592288761279737,0.42424242424242414
0.8937653814602133,0.2222222222222222,0.9600000381469727,0.7916666749450894,59.07,0.22315370645988997,0.388324898499339,15.667688,85.451696,18.000511,86.990308,0.21812515866017043,0,0.4545454545454545,0.9347825658794602,0.9628427779669491,0.5313839583990614,0.5827001579522197,3,2,4,0,1,0,0,0,2.68129614438064,0.101010101010101
0.5155865463494669,0.5555555555555556,0.8399999618530274,1.0,47.46,0.794461140740607,0.30406092565446535,12.554543,85.771326,20.652816,81.058063,0.7885325778533544,1,0.09090909090909091,0.9782609935068252,0.7853039547039522,0.923081847966627,0.5038911988063377,1,3,2,1,1,0,0,0,0.5155865463494669,0.05050505050505051
0.033223954060705496,0.0,0.9200000762939453,0.7916666749450894,105.89,0.4721564497494289,0.09451777039605333,17.813093,87.348104,20.923667,83.147978,0.4176917199008882,1,0.09090909090909091,0.9130435593862856,0.15064468933296948,0.7545338185657728,0.24055200265796828,1,1,3,1,1,0,0,0,0.033223954060705496,0.0
0.642329778506973,0.3333333333333333,0.1600000381469726,0.8749999254941971,44.07,0.8309494947943071,0.9351269083365382,21.578852,83.34626,17.339274,87.412689,0.4771195208259307,0,0.09090909090909091,0.5434782721369842,0.8552310605600713,0.9379959151595307,0.9633500014327783,1,2,1,0,1,0,0,0,0.642329778506973,0.030303030303030304
0.47908121410992616,0.6666666666666665,0.0,0.041666724615624595,63.55,0.16538675050808715,0.6341116965894295,12.839898,86.389567,13.807188,84.140009,0.18610462854276727,1,0.7272727272727273,0.021739110153428554,0.7622929353492804,0.45129800932929465,0.773958662713927,3,1,3,1,0,1,0,0,1.4372436423297785,0.48484848484848475
0.9909762100082035,0.4444444444444445,0.3600000381469728,0.4583333747254461,69.7,0.44701137989481093,0.7070050635629392,21.938144,85.950928,16.471968,87.586077,0.47401493975523185,0,0.09090909090909091,0.4347827213698412,0.9969915740760997,0.7373470859605393,0.8232967493692986,2,3,4,2,0,0,0,1,1.981952420016407,0.04040404040404041
0.48195242001640687,0.0,0.40000000000000013,0.25000004967053546,68.07,0.42079440600917906,0.7705583861274174,16.46274,83.124063,21.308691,82.256718,0.40700365035152963,0,0.6363636363636364,0.3478260734356191,0.7641581999872737,0.7185060117957427,0.8643080901352831,2,2,1,1,0,0,1,0,0.9639048400328137,0.0
0.7793273174733388,0.6666666666666665,0.20000000000000018,0.4166666501098215,15.42,0.8609742001624945,0.26619288980836436,12.151614,83.536485,21.417753,78.073953,0.9082046873919626,0,0.9999999999999999,0.32608696328219033,0.917883876340017,0.9498195613906395,0.4650594006505015,3,1,1,1,0,0,1,0,2.3379819524200167,0.6666666666666664
0.6620180475799837,0.7777777777777777,0.3199999809265137,0.8749999254941971,59.63,0.36853108533489315,0.9519797377606156,18.143633,82.100522,17.856045,87.01613,0.38675326905384216,1,0.09090909090909091,0.6304348164109523,0.8649492624565225,0.6777106747655908,0.9729885891870766,2,2,2,1,0,0,0,1,1.3240360951599675,0.0707070707070707
0.5213289581624283,0.0,0.039999961853027344,0.8333333002196432,24.49,0.5929700041095188,0.23269035875304273,20.80843,84.140846,21.922618,86.550825,0.19595669090944665,1,0.09090909090909091,0.4565217278630158,0.7887908079579586,0.8272721218967614,0.4284392264415882,1,2,2,0,1,0,0,0,0.5213289581624283,0.0
0.6452009844134537,0.7777777777777777,0.23999996185302752,0.041666724615624595,88.3,0.3990944606435393,0.09055837596134578,14.369941,78.390423,16.142483,78.662479,0.1334317836755136,1,0.09090909090909091,0.15217397839450797,0.856665086348638,0.7021265923936237,0.23372252016203865,1,1,2,1,1,0,0,0,0.6452009844134537,0.0707070707070707
0.09064807219031994,0.8888888888888888,0.6000000000000001,0.3750000248352676,77.06,0.7873842500659565,0.11583756200562409,14.322621,78.048464,18.558171,86.580946,0.7834341048392498,1,0.0,0.5217391619835554,0.3165888087768275,0.9201162216030232,0.2753307779948522,1,2,2,2,0,0,0,1,0.09064807219031994,0.0
0.02748154224774405,0.4444444444444445,0.11999998092651376,0.7500000496705355,112.41,0.3322453875776035,0.5510660064029066,21.407071,87.17565,20.67778,79.230353,0.6291102378719068,0,0.1818181818181818,0.4565217278630158,0.1287910442683658,0.6463875729915731,0.714223804752232,1,3,1,2,0,1,0,0,0.02748154224774405,0.0808080808080808
0.03773584905660378,0.2222222222222222,0.7200000762939454,0.08333334989017849,115.63,0.4232102344163887,0.08101523280539996,13.690148,80.640997,15.781756,85.254477,0.40809276619075857,1,0.09090909090909091,0.4347827213698412,0.166913157266245,0.7202841208374626,0.21670205443211393,1,2,2,2,1,0,0,0,0.03773584905660378,0.0202020202020202
0.6320754716981133,0.7777777777777777,0.3199999809265137,0.5,72.59,0.8295788794185841,0.6794923819029548,16.879577,87.630526,13.978662,79.021404,0.7464311656118229,1,0.9999999999999999,0.43478261770958726,0.8500614073400425,0.9374467504530863,0.8049821214391177,3,1,3,1,0,0,1,0,1.8962264150943398,0.7777777777777776
0.4479081214109926,0.5555555555555556,0.48000001907348633,0.25000004967053546,82.87,0.03361384732961473,0.12883249311759976,19.205708,82.751826,18.260038,86.506433,0.2987591191125532,1,0.4545454545454545,0.39130439740273015,0.7413798477785574,0.14823201661052043,0.2951210399415195,2,1,3,2,0,1,0,0,0.8958162428219852,0.2525252525252525
0.4372436423297785,0.7777777777777777,0.7600000381469727,0.12500007450580308,85.19,0.06186270610425683,0.9265990265478126,21.722421,86.686697,16.64932,87.883971,0.4317583776815756,0,0.7272727272727273,0.4782609416766983,0.7339308680781813,0.2380539985712815,0.9584399985163052,3,1,4,1,0,1,0,0,1.3117309269893356,0.5656565656565656
1.0,0.2222222222222222,0.8399999618530274,0.7916666749450894,66.84,0.9017822646396817,0.1409137073948259,17.741606,82.836676,13.045647,78.023608,0.5546802654613452,1,0.6363636363636364,0.8695653390794285,1.0,0.9652899831022292,0.31271883538943845,2,1,3,2,0,0,1,0,2.0,0.1414141414141414
0.49917965545529125,1.0,0.8399999618530274,0.041666724615624595,71.98,0.5591748370081158,0.32578682762010797,18.131959,82.591629,17.944584,77.124149,0.43214820923307257,1,0.6363636363636364,0.4782609416766983,0.7751472433099607,0.8083646275617342,0.5251246372696385,2,3,3,0,0,0,1,0,0.9983593109105825,0.6363636363636364
0.10664479081214112,0.2222222222222222,0.48000001907348633,0.6249999751647324,53.53,0.6502996670940672,0.8410152652400095,17.570105,86.216081,14.92959,85.928692,0.20903094223645383,1,0.7272727272727273,0.5869565961040952,0.35165979632909633,0.8572310423909619,0.9078736856744511,3,1,3,0,0,1,0,0,0.31993437243642336,0.1616161616161616
0.34536505332239537,0.1111111111111111,0.6799999237060548,0.3750000248352676,72.91,0.20083514835520744,0.056446703576848785,16.032865,82.008362,19.765919,78.907022,0.3932843157579395,0,0.0,0.5652173822904127,0.6622588868823507,0.5025207995276637,0.1683820800155022,1,3,4,0,0,0,0,1,0.34536505332239537,0.0
0.9155045118949959,0.1111111111111111,0.08000001907348642,0.7083334243959816,115.32,0.7053521972189493,0.02680203210573702,15.963105,82.053527,13.993396,83.135677,0.1718025775130638,0,0.2727272727272727,0.4130435075561587,0.970771584315751,0.8838227341520701,0.09649231825959659,1,1,1,0,0,0,1,0,0.9155045118949959,0.0303030303030303
0.5898277276456112,0.7777777777777777,0.11999998092651376,0.5416667246156246,74.07,0.961063820889657,0.9064974691867278,12.097594,78.076413,19.994171,78.614499,0.6696730437398818,1,0.7272727272727273,0.3478260734356191,0.8279251475877811,0.9866387610652492,0.9467775459284706,3,1,3,0,0,1,0,0,1.7694831829368336,0.5656565656565656
0.8851517637407713,0.0,0.6399999618530274,0.5,65.57,0.10904367800606386,0.8237563351418331,17.091127,82.038006,17.372605,87.820444,0.46087217655951745,0,0.7272727272727273,0.6086956025972698,0.959651195753473,0.3509943082364946,0.8973735769969076,3,2,1,1,0,1,0,0,2.6554552912223137,0.0
0.7448728465955702,0.0,0.4399999618530275,0.29166667494508935,91.6,0.2277400990286535,0.5939086593230435,16.734343,79.574419,19.049631,77.131806,0.26384760476909197,0,0.1818181818181818,0.3913042937424762,0.9031433904857771,0.5370384033549715,0.7455522779959067,3,2,4,0,0,0,0,1,2.2346185397867107,0.0
0.2904019688269073,0.5555555555555556,0.2800000190734864,0.7916666749450894,69.67,0.05240731373423546,0.8317766491797729,15.450302,81.048616,12.313686,81.756209,0.25773955780639046,1,0.1818181818181818,0.5652173822904127,0.6111909444152077,0.21041824336110704,0.9022663838869684,1,2,2,1,0,1,0,0,0.2904019688269073,0.10101010101010101
0.07260049220672683,0.7777777777777777,0.8,0.8333333002196432,79.35,0.2931652398198107,0.0008121831944984809,12.215745,78.482179,19.931184,79.451584,0.6572256779241146,1,0.09090909090909091,0.8695653390794285,0.27232175736640707,0.6092836909894022,0.00398488356429455,2,2,2,2,0,0,0,1,0.14520098441345367,0.0707070707070707
0.2551271534044299,0.1111111111111111,0.2800000190734864,0.16666669978035697,79.09,0.09048487268478668,0.05624365808078583,17.981471,86.95142,18.781496,85.251288,0.13421681876765276,1,0.1818181818181818,0.23913041900822218,0.5740337223821568,0.3106991767151426,0.16794959995123848,1,1,2,1,0,1,0,0,0.2551271534044299,0.020202020202020197
0.6493027071369977,0.6666666666666665,0.7600000381469727,0.16666669978035697,104.6,0.5794882500483144,0.30131980419613563,13.175292,87.081743,17.005465,80.652715,0.615280604933575,0,0.4545454545454545,0.5000000518301269,0.8587036320689376,0.8198484695714305,0.5011611146630905,2,1,1,0,0,1,0,0,1.2986054142739953,0.3030303030303029
0.4716981132075472,0.5555555555555556,0.3600000381469728,0.16666669978035697,60.18,0.6900891769892955,0.9779695612566751,12.123307,84.813429,17.537451,84.858854,0.45075285053175984,0,0.09090909090909091,0.2826087429753332,0.7574507435691518,0.8766454184890131,0.9876891497412648,2,1,1,0,0,0,0,1,0.9433962264150944,0.05050505050505051
0.9737489745693193,0.6666666666666665,0.8399999618530274,0.08333334989017849,52.03,0.48413432873727064,0.8453807506668429,21.46076,79.294489,17.241296,79.143973,0.3462944217573957,1,0.9999999999999999,0.4999999481698729,0.9911759605639954,0.7624402154273171,0.9105127383528793,3,3,2,0,0,0,1,0,2.921246923707958,0.6666666666666664
0.0016406890894175574,0.1111111111111111,0.6399999618530274,0.9583333747254463,16.48,0.8010740637234757,0.42538071363329627,13.362809,81.139969,18.988702,85.352561,0.5833809083010552,0,0.09090909090909091,0.847826125265746,0.009160707971827026,0.9258312664049688,0.6147055097855398,2,1,4,1,0,0,0,1,0.003281378178835115,0.0101010101010101
0.5566037735849058,0.6666666666666665,0.5199999809265137,0.0,67.22,0.4874727868781383,0.8875127467712527,14.668125,79.410968,18.396521,80.921505,0.32682725950776736,0,0.4545454545454545,0.2826086393150793,0.8094852834781994,0.7646130793982948,0.9356452683299532,2,1,4,0,0,1,0,0,1.1132075471698115,0.3030303030303029
0.3720262510254307,0.2222222222222222,0.9600000381469727,0.6666666004392863,15.23,0.0629772994595146,0.831675182103086,21.047258,87.456557,15.704977,78.651575,0.8448913295464666,0,0.7272727272727273,0.8695653390794285,0.6845979487533782,0.2411759177581343,0.9022045856670502,3,3,4,0,0,1,0,0,1.1160787530762921,0.1616161616161616
0.8703855619360131,0.6666666666666665,0.5199999809265137,0.08333334989017849,113.29,0.8842420464503628,0.6009137216757361,12.929956,78.21257,18.693339,84.602388,0.714441341241246,1,0.6363636363636364,0.32608696328219033,0.9541118029008342,0.9587219184336342,0.7505681439499792,2,3,3,1,0,0,1,0,1.7407711238720263,0.42424242424242414
0.35479901558654636,0.4444444444444445,1.0,0.20833332505491087,118.8,0.06109475396785917,0.06263959362726246,20.647159,78.225933,13.209912,82.039972,0.7020113726489736,1,0.1818181818181818,0.6521740302246348,0.6703262210822567,0.23588712611050489,0.1812801745762096,1,3,3,0,0,1,0,0,0.35479901558654636,0.0808080808080808
0.2945036915504512,0.8888888888888888,0.8799999237060547,0.5,20.29,0.6788952321875682,0.1709644698580636,21.402659,79.959544,17.40514,82.424215,0.38152013679410784,1,0.2727272727272727,0.7391304708383493,0.6152680699129276,0.8712890083691125,0.35369664390391925,1,2,3,1,0,0,1,0,0.2945036915504512,0.2424242424242424
0.5008203445447088,0.0,0.0,0.5,118.26,0.31513183478072737,0.01746192960486767,12.396437,78.148824,12.352906,85.095338,0.5708285412413157,0,0.2727272727272727,0.2608696328219047,0.7761761789126393,0.6306091876556401,0.06839649646545751,2,2,4,1,1,0,0,0,1.0016406890894176,0.0
0.3273174733388023,0.1111111111111111,0.039999961853027344,0.6249999751647324,107.95,0.7632204975939569,0.4469035458979435,13.290933,81.032454,16.618421,86.599879,0.530438590408986,0,0.4545454545454545,0.3478260734356191,0.6462917907814121,0.9098012376405844,0.6326749274854986,2,2,4,1,0,1,0,0,0.6546349466776046,0.0505050505050505
0.3888433141919606,0.3333333333333333,0.8,0.25000004967053546,109.67,0.10482527945578222,0.00040609099212593133,14.485949,77.200453,17.647837,85.282537,0.7108714767591132,1,0.4545454545454545,0.5652173822904127,0.697994060909392,0.34222427797594435,0.002007998812291939,3,3,3,0,1,0,0,0,1.166529942575882,0.1515151515151515
0.06562756357670223,0.0,0.4399999618530275,0.16666669978035697,23.1,0.1993205643320345,0.12050761325605874,20.351571,85.936744,12.745319,79.871156,0.8148355119913387,1,0.09090909090909091,0.32608696328219033,0.2536111411235942,0.500475469130969,0.2825534046446279,1,2,2,2,1,0,0,0,0.06562756357670223,0.0
0.2284659557013946,0.5555555555555556,0.7200000762939454,0.16666669978035697,41.71,0.3175849980372757,0.8638579053315322,14.951015,78.976781,17.992389,80.410493,0.26883658120556414,1,0.09090909090909091,0.4782609416766983,0.5430990239023921,0.6329140360370507,0.9216090117710964,1,1,2,2,1,0,0,0,0.2284659557013946,0.05050505050505051
0.11197703035274817,0.4444444444444445,0.6399999618530274,0.4583333747254461,77.65,0.14263620508605623,0.26243655539267924,14.269461,80.239348,18.8041,85.796332,0.589159513145815,1,0.2727272727272727,0.5869565961040952,0.3626156990064496,0.41410031739597297,0.4610672893813556,1,2,2,1,0,0,1,0,0.11197703035274817,0.12121212121212122
0.0701394585726005,0.1111111111111111,0.5600000381469727,0.0,91.85,0.586426477725421,0.25593909951866434,16.580299,78.12065,13.520291,82.49965,0.4336649143872371,1,0.1818181818181818,0.3043478531287618,0.2658307625800968,0.823688171680391,0.4540971487631335,1,1,2,0,0,1,0,0,0.0701394585726005,0.020202020202020197
0.32075471698113206,0.2222222222222222,0.40000000000000013,0.33333339956071373,33.81,0.3238192668768512,0.9051777000877441,19.42553,79.177903,12.655972,85.639259,0.7808910464082645,1,0.09090909090909091,0.39130439740273015,0.6403015418373548,0.6387054297975605,0.9460073788955397,2,1,2,2,0,0,0,1,0.6415094339622641,0.0202020202020202
0.5299425758818704,0.4444444444444445,0.5600000381469727,0.12500007450580308,21.21,1.0,0.4528933952932807,18.038568,84.144053,13.219121,82.828937,0.4129663331769615,0,0.6363636363636364,0.3695652872493016,0.7939572875068264,1.0,0.63760056803849,2,2,1,0,0,0,1,0,1.0598851517637409,0.2828282828282828
0.8872026251025431,0.0,0.5199999809265137,0.8333333002196432,91.22,0.7651510380597623,0.3909644754251981,19.486415,78.557736,16.8342,83.728159,0.46547699813490123,0,0.0,0.7173912570246666,0.9604137202184311,0.9106364541626357,0.5850276401270942,1,3,4,2,0,0,0,1,0.8872026251025431,0.0
0.4844134536505333,0.6666666666666665,0.9200000762939453,0.041666724615624595,77.25,0.0,0.6451776882273272,12.021992,84.862769,13.966486,77.264234,0.6469778367326738,0,0.0,0.5217391619835554,0.7657491835621586,0.0,0.7816215345086432,1,3,4,0,0,0,0,1,0.4844134536505333,0.0
0.8092698933552093,0.0,0.8799999237060547,1.0,67.89,0.4870248337860726,0.47979696467000865,18.068685,82.245599,15.166493,79.726667,0.3071106015517028,0,0.2727272727272727,0.9999999999999998,0.930212027548923,0.7643224055605322,0.6593431700963357,1,2,1,2,0,0,1,0,0.8092698933552093,0.0
0.7514356029532404,0.1111111111111111,0.7200000762939454,0.9166667494508922,80.96,0.09477260273384026,0.6166497548820956,20.095563,85.38305,19.327674,81.556919,0.29907087951484224,0,0.1818181818181818,0.8695653390794285,0.9059990127896662,0.3204184333775735,0.7617322879349413,3,2,1,0,0,0,0,1,2.254306808859721,0.020202020202020197
0.3933552091878589,0.4444444444444445,0.5600000381469727,0.5833333498901785,100.6,0.06814496991798223,0.23269035875304273,13.245465,86.909466,15.021761,87.069326,0.1326591494553945,1,0.1818181818181818,0.6086957062575238,0.7015032184956571,0.2553054394866885,0.4284392264415882,1,1,2,1,0,1,0,0,0.3933552091878589,0.0808080808080808
0.1874487284659557,0.5555555555555556,0.5199999809265137,0.0,56.11,0.3981718309098814,0.3650761577337173,17.357117,82.942175,13.969167,79.186762,0.41048414561266033,0,0.7272727272727273,0.2826086393150793,0.4894804349264142,0.7014132603076657,0.561859648692435,3,2,4,2,0,1,0,0,0.5623461853978671,0.4040404040404041
0.3662838392124692,0.1111111111111111,0.5199999809265137,0.5833333498901785,91.33,0.3356531772172431,0.9860914198270856,19.11305,87.619916,21.990214,86.925957,0.2348478111922882,1,0.2727272727272727,0.5869565961040952,0.679904586721978,0.6494483787743732,0.9922435173365032,2,1,3,1,1,0,0,0,0.7325676784249384,0.0303030303030303
0.5131255127153405,0.6666666666666665,0.9200000762939453,0.6249999751647324,44.99,0.9783160366840772,0.9103553868627754,17.928196,83.588991,20.916119,82.187327,0.2626679319922678,0,0.2727272727272727,0.8260869114520635,0.7837989705097026,0.9926205136641526,0.9490256039563543,2,1,4,1,1,0,0,0,1.026251025430681,0.18181818181818177
0.4532403609515997,0.1111111111111111,0.48000001907348633,0.7916666749450894,22.69,0.7580208304860561,0.3027411178275899,12.906973,78.121968,21.745007,86.139016,1.0,1,0.7272727272727273,0.6739130367178094,0.7450461555357062,0.9075424382947204,0.5025781747146107,3,3,2,1,0,1,0,0,1.359721082854799,0.0808080808080808
0.4774405250205086,0.3333333333333333,0.6399999618530274,0.5833333498901785,112.83,0.5206599850903101,0.8798985334074118,17.459726,81.031916,16.77123,79.15117,0.14507509099942273,0,0.6363636363636364,0.6521740302246348,0.7612226236699413,0.78552790083674,0.9311475401467098,2,1,1,2,0,0,1,0,0.9548810500410172,0.2121212121212121
0.18703855619360132,0.7777777777777777,0.6000000000000001,1.0,96.44,0.6303543294473489,0.5292385792687393,20.302399,78.304548,16.455523,83.91901,0.552025122369541,0,0.1818181818181818,0.847826125265746,0.4889008663035343,0.847089298666341,0.6978043401454093,1,1,4,0,0,1,0,0,0.18703855619360132,0.14141414141414138
0.871205906480722,0.7777777777777777,0.2800000190734864,0.0,119.67,0.34301803773679296,0.7194924075601832,19.001364,82.216913,19.34114,85.781167,0.27286694239447457,1,0.0,0.15217397839450797,0.9544218402198361,0.655975529987594,0.8314936652592748,1,3,2,0,0,0,0,1,0.871205906480722,0.0
0.7916324856439706,0.6666666666666665,0.5199999809265137,0.0,18.9,0.1467692738128492,0.39492386017793263,20.277756,82.670628,18.021436,79.252727,0.32149554510950257,0,0.09090909090909091,0.2826086393150793,0.9230025065088261,0.4211507842287703,0.5885047304051985,2,3,1,0,0,0,0,1,1.5832649712879412,0.060606060606060594
0.051271534044298614,1.0,0.40000000000000013,0.5416667246156246,76.57,0.23419300621435635,0.7065989628888404,19.039561,82.29819,17.166845,79.763063,0.24378753771743467,1,0.09090909090909091,0.5000000518301269,0.2116487668585864,0.5448460258911987,0.8230289212579307,2,1,2,1,0,0,0,1,0.10254306808859723,0.09090909090909091
0.04840032813781789,1.0,0.8399999618530274,0.0,61.58,0.1842335419492634,0.35705584369577753,14.436361,81.784262,17.794404,82.997255,0.287829130029874,0,0.1818181818181818,0.4565217278630158,0.20262205107212927,0.47943790732640146,0.5545219967472372,1,3,4,0,0,1,0,0,0.04840032813781789,0.1818181818181818
0.20016406890894178,0.3333333333333333,0.8,0.8749999254941971,102.06,0.41320019819369147,0.6319797261422481,18.443716,78.904846,19.453432,82.20258,0.26364093812306616,0,0.0,0.8913043455726031,0.5069903404909482,0.7128584142800625,0.7724748605848952,1,2,4,0,0,0,0,1,0.20016406890894178,0.0
0.5664479081214111,1.0,0.0,0.0,68.88,0.7391206733208251,0.7740102031293662,18.638164,85.11371,13.676438,80.227294,0.5746333407154387,0,0.2727272727272727,0.0,0.8150501709760924,0.8992097882788599,0.8664870416320232,2,3,1,1,1,0,0,0,1.1328958162428222,0.2727272727272727
0.9815422477440526,0.7777777777777777,0.8799999237060547,0.7083334243959816,86.8,0.0540232096306139,0.009949238989058244,21.751239,78.04432,21.615936,82.137932,0.30988712693962206,0,0.7272727272727273,0.847826125265746,0.9938187183953588,0.21529430554887452,0.04242025957374998,3,2,4,2,0,1,0,0,2.944626743232158,0.5656565656565656
0.6091058244462675,0.4444444444444445,0.5199999809265137,0.4583333747254461,57.78,0.5400560740467568,0.13766497945781847,21.139317,83.247471,12.393067,85.842775,0.7728737289269398,1,0.6363636363636364,0.5217391619835554,0.8381988019302216,0.7972099762410942,0.3080568851539597,2,3,3,2,0,0,1,0,1.218211648892535,0.2828282828282828
0.0,0.5555555555555556,0.48000001907348633,0.29166667494508935,55.23,0.38926572791763075,0.6299492614996455,20.666223,82.834515,15.495926,85.850249,0.4942841144491543,0,0.7272727272727273,0.4130435075561587,0.0,0.6944543779879448,0.7710593589232686,3,2,4,0,0,1,0,0,0.0,0.4040404040404041
0.5840853158326498,0.2222222222222222,0.08000001907348642,0.041666724615624595,63.79,0.17639937553802604,0.5369543371650508,21.753675,85.07091,18.418958,80.989103,0.4214960397309514,0,0.0,0.0652174341205396,0.8248061481127322,0.468007475350499,0.7036456153672612,1,1,4,0,0,0,0,1,0.5840853158326498,0.0
0.35479901558654636,0.5555555555555556,0.20000000000000018,0.25000004967053546,107.53,0.4973121309038589,0.1624365493414461,16.044164,81.042023,19.725197,85.023342,0.439156923303262,0,0.2727272727272727,0.23913041900822218,0.6703262210822567,0.7709419972168576,0.3424326017530193,1,3,1,0,0,0,1,0,0.35479901558654636,0.15151515151515152
0.531583264971288,0.1111111111111111,0.40000000000000013,0.6666666004392863,92.43,0.6229574722783658,0.8013197957244094,16.238579,82.385593,12.318846,81.789059,0.32354193474812154,1,0.2727272727272727,0.5652173822904127,0.7949328550103953,0.8432542185795362,0.8835601164552525,2,1,2,1,1,0,0,0,1.063166529942576,0.0303030303030303
0.7243642329778508,0.2222222222222222,0.4399999618530275,0.9583333747254463,94.6,0.5252676979086959,0.2996954402276319,20.983462,77.096783,12.456291,81.308049,0.8025933028431192,1,0.0,0.7391304708383493,0.8940675569504397,0.7883377479351115,0.49953764855704313,1,2,3,2,0,0,0,1,0.7243642329778508,0.0
0.8465955701394586,0.4444444444444445,0.8,0.16666669978035697,108.42,0.844239268958912,1.0,14.287338,80.044069,18.165321,79.353856,0.3210944684584804,1,0.2727272727272727,0.5217391619835554,0.9450000663138878,0.9432775169949186,1.0,1,2,2,0,0,0,1,0,0.8465955701394586,0.12121212121212122
0.31009023789991796,0.4444444444444445,0.6799999237060548,0.6666666004392863,85.42,0.9792279574679249,0.5046700694041341,17.814519,83.281902,21.748801,78.560796,0.49620244143126024,0,0.2727272727272727,0.7173912570246666,0.6303450139912112,0.9929337840546739,0.6789221358684647,2,1,4,0,1,0,0,0,0.6201804757998359,0.12121212121212122
0.8630024610336342,0.4444444444444445,0.40000000000000013,0.08333334989017849,50.16,0.8164704087507679,0.02730964584589443,21.156634,80.556935,12.349095,85.310478,0.8447016178633006,0,0.0,0.2608696328219047,0.9513091330963435,0.9321517961092503,0.09791805693069655,1,2,4,2,0,0,0,1,0.8630024610336342,0.0
0.37325676784249384,0.8888888888888888,0.48000001907348633,0.20833332505491087,110.3,0.04594372201122182,0.15949239691001285,18.383287,85.635688,13.553503,87.773861,0.43624948651837514,0,0.09090909090909091,0.3695652872493016,0.6855955941927958,0.19022291670482683,0.3384803637701165,2,3,4,0,0,0,0,1,0.7465135356849877,0.0808080808080808
0.8191140278917145,0.3333333333333333,0.5600000381469727,0.12500007450580308,87.07,0.5514313874452715,0.9891370586991518,13.965938,87.001634,16.4162,77.01058,0.8477835454933943,0,0.09090909090909091,0.3695652872493016,0.9341727702855547,0.8038884558833974,0.993946568802289,1,3,1,1,1,0,0,0,0.8191140278917145,0.030303030303030304
0.8941755537325677,0.1111111111111111,0.1600000381469726,0.29166667494508935,28.65,0.8814795930992927,0.4693401240432592,15.797555,79.369911,12.110201,80.261562,0.3082450834370756,1,0.7272727272727273,0.23913041900822218,0.9629940400012864,0.9576764854965223,0.6509646211773821,3,1,2,0,0,1,0,0,2.682526661197703,0.0808080808080808
0.5369155045118951,0.6666666666666665,0.9600000381469727,0.7500000496705355,40.6,0.5983083342149637,0.06761421554228483,18.645129,83.470304,14.221925,78.069703,0.5730274728828288,1,0.1818181818181818,0.9130435593862856,0.798084939630529,0.8301697874160823,0.19126080204336082,1,3,3,2,0,1,0,0,0.5369155045118951,0.12121212121212117
0.8305988515176375,0.1111111111111111,0.5600000381469727,0.5,58.53,0.4827957425609804,0.8853806988682875,20.426945,83.95039,17.153309,86.106388,0.31438770850552855,0,0.09090909090909091,0.5652173822904127,0.9387381081827499,0.7615652837519313,0.9343878088985702,2,2,1,2,0,0,0,1,1.661197703035275,0.0101010101010101
0.30434782608695654,0.7777777777777777,0.11999998092651376,0.5416667246156246,34.51,0.8122200298260528,0.7680203150061371,12.776104,77.018445,18.657911,78.408433,0.5048529522379436,1,0.09090909090909091,0.3478260734356191,0.6248650546910441,0.9304180242430196,0.862702841069716,2,1,3,2,0,0,0,1,0.6086956521739131,0.0707070707070707
0.7198523379819525,0.0,0.9600000381469727,0.33333339956071373,16.98,0.5579802520292748,0.5717766760472479,18.315683,82.648086,15.079457,80.472343,0.31363223744334173,0,0.09090909090909091,0.6956522505314919,0.892039137395571,0.807677658120662,0.7295117170835577,2,3,1,2,0,0,0,1,1.439704675963905,0.0
0.16776045939294507,0.6666666666666665,0.039999961853027344,0.25000004967053546,113.28,0.9200157327167213,0.7420304915100776,18.473966,86.109857,20.082991,83.118426,0.2611450179347974,1,0.0,0.15217397839450797,0.46052736938690414,0.9719924287853376,0.846112974588666,1,3,2,0,0,0,0,1,0.16776045939294507,0.0
0.03281378178835111,0.5555555555555556,0.6399999618530274,0.7916666749450894,72.64,0.8919429206139611,0.4691370737062097,14.52999,78.36249,21.427779,83.34836,0.7095394686951065,1,0.2727272727272727,0.7608696846520318,0.14912783784339417,0.9616204398829842,0.6508010439761371,1,1,3,2,0,0,1,0,0.03281378178835111,0.15151515151515152
0.7543068088597211,0.3333333333333333,0.8,0.6666666004392863,32.44,0.7576261291930472,0.212893396261478,13.429301,78.290829,13.951955,81.113552,0.2210290767305981,1,0.2727272727272727,0.7826086911452064,0.9072411131899001,0.9073703963589419,0.40561451068418003,1,3,3,1,0,0,1,0,0.7543068088597211,0.0909090909090909
0.03281378178835111,0.4444444444444445,0.11999998092651376,0.5833333498901785,114.0,0.5829866588863488,0.5480203288029486,15.63891,87.704574,19.793578,86.875378,0.34692437467032067,0,0.1818181818181818,0.3695652872493016,0.14912783784339417,0.8217895476906238,0.7119520484504491,3,2,4,0,0,0,0,1,0.09844134536505332,0.0808080808080808
0.7169811320754718,1.0,1.0,0.7500000496705355,36.63,0.6384657893036747,0.8567512597184771,20.904703,87.050614,20.954014,83.871249,0.23663042904638892,1,0.09090909090909091,0.9347825658794602,0.8907422239331793,0.8512484338620299,0.9173551447374093,1,3,3,0,1,0,0,0,0.7169811320754718,0.09090909090909091
0.5077932731747334,1.0,0.3199999809265137,0.7500000496705355,73.82,0.9792386338677358,0.057360405888638895,21.145765,81.740436,18.712736,86.41711,0.41659542807799077,1,0.0,0.5652173822904127,0.7805159703895126,0.9929375501468005,0.17032044835522087,1,1,2,1,0,0,0,1,0.5077932731747334,0.0
0.9048400328137818,0.7777777777777777,0.6399999618530274,0.8333333002196432,79.73,0.2552103129920873,0.3707614122595344,14.203475,77.819664,14.32718,78.646128,0.047463507106400425,0,0.09090909090909091,0.7826086911452064,0.9669042519644933,0.5691590607297763,0.5670139426591245,1,2,4,0,1,0,0,0,0.9048400328137818,0.0707070707070707
0.6078753076292043,0.1111111111111111,0.7200000762939454,0.5,23.54,0.441486408092672,0.9918782188853733,12.878906,81.691649,15.131849,86.018899,0.3938337858856883,0,0.7272727272727273,0.6521740302246348,0.8375519033795609,0.7334579110959174,0.9954772301032939,3,1,4,1,0,1,0,0,1.8236259228876128,0.0808080808080808
0.37407711238720265,0.2222222222222222,0.039999961853027344,0.4583333747254461,109.15,0.8566065110398572,0.5547208350140129,20.664072,79.015535,16.511111,85.649124,0.6363849569246776,1,0.1818181818181818,0.2608696328219047,0.6862591267077269,0.9481236216316797,0.7169418516769908,3,1,2,0,0,0,0,1,1.122231337161608,0.040404040404040394
0.40607054963084493,0.7777777777777777,0.5600000381469727,0.12500007450580308,115.69,0.16986646045374032,0.7022335549177906,17.597781,86.897815,18.086547,80.911213,0.4774708893478745,0,0.1818181818181818,0.3695652872493016,0.7112088379083263,0.45818927317674474,0.820145792479616,1,2,1,2,0,1,0,0,0.40607054963084493,0.14141414141414138
0.49671862182116494,0.1111111111111111,0.5199999809265137,0.25000004967053546,29.12,0.04992213755325414,0.9208122274895248,14.082501,79.313765,15.887518,79.672521,0.13747130368880978,1,0.6363636363636364,0.4130435075561587,0.773598189160668,0.2027872847828136,0.9550955863294868,2,2,2,1,0,0,1,0,0.9934372436423299,0.0707070707070707
0.49958982772764554,0.1111111111111111,0.9200000762939453,0.8749999254941971,70.4,0.7913573029955838,0.2759390929833326,19.592541,86.682688,18.441672,82.959893,0.3008310439946213,0,0.09090909090909091,0.9565217796931427,0.775404758785186,0.9217842580430462,0.4752935620320657,2,1,4,1,0,0,0,1,0.9991796554552911,0.0101010101010101
0.5106644790812142,0.4444444444444445,0.6000000000000001,0.7500000496705355,116.43,0.23053458157915618,0.0005076137401574133,13.140203,84.190237,16.521642,87.436243,0.3805292687279229,0,0.7272727272727273,0.7173912570246666,0.7822875363634891,0.5404403828472306,0.002505084885161629,3,1,1,1,0,1,0,0,1.5319934372436426,0.32323232323232326
0.6689909762100082,0.7777777777777777,0.5199999809265137,0.12500007450580308,62.32,0.6222001639917796,0.35096448849586154,17.885866,87.2673,19.496469,82.318768,0.41062082604925954,1,0.4545454545454545,0.3478260734356191,0.8683278998895314,0.8428591212782663,0.5488957255931188,3,2,3,2,1,0,0,0,2.0069729286300246,0.3535353535353534
0.3232157506152584,0.0,0.6000000000000001,0.0,97.6,0.050428770156780406,0.47664974253757997,14.634619,86.733493,18.593321,79.160326,0.7004274950808365,0,0.4545454545454545,0.32608696328219033,0.6425598255046878,0.20435603333950159,0.656830884375114,2,2,1,2,0,1,0,0,0.6464315012305168,0.0
0.19852337981952423,0.3333333333333333,0.2800000190734864,0.5416667246156246,80.62,0.3401435472877074,0.676345198498418,19.487205,80.932031,21.748834,87.515253,0.5513390915306964,0,0.2727272727272727,0.4347827213698412,0.5047792521970749,0.6534421482885078,0.8028641083609753,1,1,1,2,0,0,1,0,0.19852337981952423,0.0909090909090909
0.5619360131255128,0.4444444444444445,0.2800000190734864,0.041666724615624595,99.93,0.24395237489149352,0.6029441863183387,17.440649,78.890867,13.898466,85.362821,0.6042450668684979,1,0.6363636363636364,0.17391308854793652,0.812510492763886,0.5563408238052627,0.7520166404872837,2,2,2,1,0,0,1,0,1.1238720262510256,0.2828282828282828
0.02337981952420017,0.2222222222222222,0.7600000381469727,0.6666666004392863,96.51,0.4099577625511231,0.5085279483522898,12.119879,80.70229,14.739014,80.154465,0.210597993297906,1,0.2727272727272727,0.7608696846520318,0.1123082581795048,0.710419698442156,0.6819163402298847,2,2,3,2,1,0,0,0,0.04675963904840034,0.0606060606060606
0.05291222313371617,0.2222222222222222,0.1600000381469726,0.041666724615624595,18.67,0.5536339157062593,0.05055837450904984,17.323192,86.8108,14.477986,83.355221,0.35967233949846883,1,0.4545454545454545,0.10869575808765064,0.21670501730524566,0.8051673865323519,0.15556988498048135,3,2,2,1,1,0,0,0,0.1587366694011485,0.101010101010101
0.26948318293683343,0.6666666666666665,0.9200000762939453,0.20833332505491087,46.33,0.16105634740978947,0.009949238989058244,12.929482,87.104639,20.417446,84.879964,0.6584027952081949,1,0.1818181818181818,0.6086957062575238,0.5896311600349045,0.4445084299692601,0.04242025957374998,3,2,2,2,0,0,0,1,0.8084495488105004,0.12121212121212117
0.7768662838392126,0.4444444444444445,0.8,0.20833332505491087,103.89,0.5859678482335445,0.42842639123325427,14.51671,81.25014,15.541507,79.255162,0.16763205221168656,0,0.09090909090909091,0.5434782721369842,0.9168511744962313,0.8234355011359047,0.6172747573442516,2,2,4,0,0,0,0,1,1.5537325676784253,0.04040404040404041
0.41550451189499593,0.1111111111111111,0.3600000381469728,0.5416667246156246,88.24,0.7451042746148405,0.7359391363101616,16.979702,86.130781,17.040384,78.93715,0.5790400168120744,0,0.4545454545454545,0.4782609416766983,0.7182410178754428,0.901868820506166,0.8421835750783417,3,1,1,2,1,0,0,0,1.2465135356849877,0.0505050505050505
0.3658736669401148,0.2222222222222222,0.23999996185302752,0.08333334989017849,49.57,0.1388017826039734,0.5142132028781069,21.899732,84.177465,20.872473,81.010938,0.24996826092872299,1,0.09090909090909091,0.1739129848876826,0.6795669443528163,0.40743313603004916,0.6863086890137717,2,1,3,2,0,0,0,1,0.7317473338802296,0.0202020202020202
0.33552091878589,0.0,0.6799999237060548,0.9166667494508922,99.99,0.7785954898216274,0.8369543359548042,12.134275,82.230408,17.323721,81.726311,0.4330541276746759,0,0.4545454545454545,0.847826125265746,0.6536392946168992,0.9163987463021681,0.9054127193445529,2,1,4,2,0,1,0,0,0.67104183757178,0.0
0.42001640689089415,0.5555555555555556,0.11999998092651376,0.25000004967053546,78.64,0.9391185461783628,0.825279193305758,17.072037,77.849051,16.847879,85.580386,0.6245200374068784,0,0.4545454545454545,0.19565219870136508,0.7215553025874546,0.9788828367027587,0.8983044194016263,2,3,1,1,0,1,0,0,0.8400328137817883,0.2525252525252525
0.6361771944216572,0.2222222222222222,0.6399999618530274,0.08333334989017849,98.69,0.5647531908093091,0.4790863078542815,14.502324,83.143119,14.676113,86.943648,0.29900834184251635,0,0.09090909090909091,0.3913042937424762,0.8521383711031301,0.8115550211508871,0.6587765610260579,1,1,1,0,1,0,0,0,0.6361771944216572,0.0202020202020202
0.5877768662838393,0.0,0.40000000000000013,0.12500007450580308,32.57,0.9587919611298975,0.31918782721362243,14.107859,85.117905,18.193135,85.990779,0.34178552546469065,1,0.1818181818181818,0.2826087429753332,0.8268143831178891,0.985843602068543,0.5187492104773614,1,1,3,2,0,1,0,0,0.5877768662838393,0.0
0.3014766201804758,0.4444444444444445,0.5199999809265137,0.4583333747254461,21.7,0.5058929617518709,0.6940101518149094,16.150712,81.29193,21.834046,82.035418,0.47810802056495727,0,0.4545454545454545,0.5217391619835554,0.6220928090924214,0.776371846133225,0.8146906755258803,3,1,4,1,1,0,0,0,0.9044298605414274,0.20202020202020202
0.383921246923708,0.8888888888888888,0.20000000000000018,0.7083334243959816,22.48,0.8015753337145969,0.15908629623591394,20.197718,80.603484,15.466033,78.324377,0.43242072079609684,1,0.0,0.4782609416766983,0.6941256408321061,0.9260387438439373,0.3379325628537268,1,1,2,1,0,0,0,1,0.383921246923708,0.0
0.5578342904019689,0.7777777777777777,0.8,0.6666666004392863,95.64,0.9504778449771613,0.06873096819112437,19.537173,87.663414,15.946469,85.2729,0.34888664302925226,1,0.9999999999999999,0.7826086911452064,0.8101857155409171,0.9829183756022966,0.19345842735003282,3,1,2,1,0,0,1,0,1.6735028712059066,0.7777777777777776
0.9544708777686629,0.5555555555555556,0.40000000000000013,0.8749999254941971,26.47,0.04631169975470402,0.14680203162163835,20.28457,82.704094,18.180192,79.767254,0.28138265395423273,0,0.0,0.6739130367178094,0.984552241742688,0.19140375777248653,0.3210445871335488,1,1,4,0,0,0,0,1,0.9544708777686629,0.0
0.3933552091878589,0.2222222222222222,0.3199999809265137,0.16666669978035697,60.19,0.005194328907995455,0.6091370860507254,12.791817,84.30232,20.556468,86.535114,0.6819238537986329,1,0.9999999999999999,0.2608696328219047,0.7015032184956571,0.027294752686721546,0.7564199517380084,3,2,3,0,0,0,1,0,1.1800656275635766,0.22222222222222218
0.2596390484003281,0.2222222222222222,0.5199999809265137,0.8749999254941971,109.1,0.9222502901771418,0.3674111785179482,16.545755,80.744197,21.856855,83.395049,0.49075576411687505,1,0.1818181818181818,0.7391304708383493,0.5790105101730043,0.9728053911266419,0.5639812621886073,1,2,3,0,0,1,0,0,0.2596390484003281,0.040404040404040394
0.9606234618539788,0.4444444444444445,0.9200000762939453,0.8333333002196432,32.93,0.28276056740410344,0.3709644625965839,13.496815,86.400216,16.454118,87.057465,0.2414237873490454,0,0.09090909090909091,0.9347825658794602,0.9866797412229553,0.5987228839227066,0.5671972952907431,1,3,1,0,1,0,0,0,0.9606234618539788,0.04040404040404041
0.8498769483182937,0.2222222222222222,0.4399999618530275,0.5,39.18,0.5976417102267713,0.4754314792431752,13.143056,78.21158,14.303098,87.047958,0.7352014406041699,1,0.4545454545454545,0.4999999481698729,0.9462709413023409,0.8298092696879742,0.6558562458406272,3,1,3,1,1,0,0,0,2.5496308449548812,0.101010101010101
0.31583264971287944,0.5555555555555556,0.08000001907348642,0.7916666749450894,103.35,0.874098685430027,0.24903554297055058,21.434125,85.575853,18.373542,78.178511,0.6419945707396328,1,0.4545454545454545,0.4565217278630158,0.6357411236224872,0.9548681790722027,0.4465983378079051,2,3,2,2,0,1,0,0,0.6316652994257589,0.2525252525252525
0.3289581624282198,0.4444444444444445,0.0,0.12500007450580308,78.69,0.23815007709426672,0.8602030767204258,12.166759,84.946467,18.906284,81.043957,0.652381721513163,1,0.6363636363636364,0.0652174341205396,0.6477735888759024,0.5495512444452282,0.9194235042892867,2,2,3,2,0,0,1,0,0.6579163248564396,0.2828282828282828
0.34249384741591465,0.4444444444444445,0.3600000381469728,0.5833333498901785,22.35,0.006116942366653666,0.3886294546409672,18.298413,81.48559,21.239981,80.410354,0.24895826831985812,1,0.0,0.5000000518301269,0.6597665271970017,0.03193303751250287,0.5829690608152387,1,3,3,2,0,0,0,1,0.34249384741591465,0.0
0.05209187858900739,0.1111111111111111,0.3600000381469728,0.25000004967053546,67.91,0.9897446018816488,0.49725890637734255,20.093991,77.557169,15.361076,77.773152,0.3914539215151543,0,0.0,0.32608706694244427,0.21418595354025255,0.9965288613614183,0.6731385748102583,1,1,4,1,0,0,0,1,0.05209187858900739,0.0
0.9319114027891715,0.7777777777777777,0.5199999809265137,0.3750000248352676,40.05,0.43400954302510597,0.036345180102669336,12.184481,78.571935,15.448233,87.322424,0.7736850712942975,0,0.2727272727272727,0.4782609416766983,0.9766397301467471,0.7281266653188623,0.12192532192943015,1,3,1,1,0,0,1,0,0.9319114027891715,0.21212121212121207
0.15627563576702216,0.2222222222222222,0.40000000000000013,0.7916666749450894,69.78,0.6150432654185461,0.11736041048757603,18.598996,86.776024,21.6533,87.095368,0.2453049212924156,1,0.1818181818181818,0.6304348164109523,0.4424709799997069,0.8391048409861752,0.27770020235289733,1,3,2,2,0,1,0,0,0.15627563576702216,0.040404040404040394
0.060295324036095166,0.4444444444444445,0.23999996185302752,0.20833332505491087,114.28,0.8047591142582042,0.6132995211405093,12.677288,78.720236,13.002898,83.304578,0.36903787294924295,1,0.9999999999999999,0.23913041900822218,0.23860175138468986,0.9273541371121161,0.7593671894522906,3,3,2,1,0,0,1,0,0.1808859721082855,0.4444444444444444
0.51681706316653,0.5555555555555556,0.4399999618530275,0.0,74.41,0.6042013163105842,0.3406091536736909,15.377983,79.255275,21.49081,77.574597,0.529833988545127,1,0.0,0.23913041900822218,0.7860540452263178,0.8333415217306084,0.539221832247093,1,2,3,0,0,0,0,1,0.51681706316653,0.0
0.2210828547990156,0.3333333333333333,0.5199999809265137,0.5416667246156246,64.18,0.9086618372178272,0.8903553740341612,18.387832,87.273872,17.503424,77.504882,0.7941558141299899,1,0.1818181818181818,0.5652173822904127,0.5340299331582077,0.9678336359616604,0.9373195164514989,3,1,2,2,0,0,0,1,0.6632485643970468,0.060606060606060594
0.8949958982772765,0.8888888888888888,0.11999998092651376,0.8749999254941971,82.96,0.7272814573305272,0.002335025625217339,14.643992,87.6362,13.218537,84.461725,0.2738422212981449,1,0.1818181818181818,0.5217391619835554,0.9632963695762966,0.8938898407781841,0.011143669966015401,1,1,2,2,0,1,0,0,0.8949958982772765,0.16161616161616157
0.05660377358490566,0.8888888888888888,0.1600000381469726,0.6666666004392863,93.2,0.34788172375064497,0.545989864160346,14.574055,85.527795,17.782054,85.624903,0.25760128638110025,0,0.4545454545454545,0.43478261770958726,0.22782330008233304,0.660221798860209,0.7104341229565059,2,3,1,1,0,1,0,0,0.11320754716981132,0.404040404040404
0.28137817883511074,0.7777777777777777,0.7200000762939454,0.7083334243959816,50.02,0.6167391854885071,0.040507615192453356,17.182709,87.525208,13.911681,79.685464,0.6973341908228788,1,0.6363636363636364,0.7608696846520318,0.6020518188568784,0.8399980895641757,0.13223356056852265,2,1,3,2,0,0,1,0,0.5627563576702215,0.49494949494949486
0.1956521739130435,0.7777777777777777,0.48000001907348633,0.7916666749450894,48.26,0.8975798644141166,0.09543147754882991,14.973994,85.806414,14.300498,82.465042,0.2657419040772247,1,0.2727272727272727,0.6739130367178094,0.5008761736334311,0.9637272260557426,0.2421100163884849,1,3,2,2,0,0,1,0,0.1956521739130435,0.21212121212121207
0.6940114848236261,0.6666666666666665,0.8799999237060547,0.12500007450580308,111.18,0.6671519735955707,0.836649779813176,20.881705,84.488008,15.892642,84.329409,0.413699510374404,1,0.2727272727272727,0.5434782721369842,0.8801915567742544,0.8655823516814487,0.9052278620606231,2,1,3,1,1,0,0,0,1.3880229696472521,0.18181818181818177
0.3605414273995078,0.7777777777777777,0.3199999809265137,0.29166667494508935,80.11,0.9207997320028347,0.8921827883397144,16.269274,79.144391,16.964307,86.495532,0.5964800857240127,1,0.9999999999999999,0.32608696328219033,0.6751479211766935,0.9722779670429276,0.9383944830525837,3,1,2,2,0,0,1,0,1.0816242821985234,0.7777777777777776
0.19360131255127155,0.5555555555555556,0.0,0.12500007450580308,97.07,0.4649889073263839,0.16913705555251043,21.650926,84.2105,12.159673,82.788761,0.8163562559150876,1,0.09090909090909091,0.0652174341205396,0.4980615742753613,0.749718013852029,0.35130532148099003,1,3,3,1,1,0,0,0,0.19360131255127155,0.05050505050505051
0.27358490566037735,0.7777777777777777,0.7200000762939454,0.20833332505491087,84.34,0.3441379530169565,0.11045685393946228,14.625182,86.23251,14.339907,83.154075,0.23875494425900212,1,0.1818181818181818,0.5000000518301269,0.5939637382066143,0.6569577952885846,0.266844243403789,1,3,3,2,0,1,0,0,0.27358490566037735,0.14141414141414138
0.07957342083675144,0.6666666666666665,0.3199999809265137,0.7500000496705355,114.21,0.6382204925080196,0.5340101653696716,17.456111,86.790905,13.723872,81.030834,0.5621087037577744,1,0.2727272727272727,0.5652173822904127,0.29008950360602426,0.851123296891827,0.701421578038772,2,1,2,2,1,0,0,0,0.15914684167350288,0.18181818181818177
0.7506152584085317,0.1111111111111111,0.8399999618530274,0.5833333498901785,56.78,0.5264462682878205,0.2642639696982324,21.471948,87.230396,15.947534,87.383889,0.46056410400595865,0,0.4545454545454545,0.7608696846520318,0.9056433219600684,0.7890529630671326,0.4630128048195518,2,3,4,0,0,1,0,0,1.5012305168170634,0.0505050505050505
0.4458572600492207,0.1111111111111111,0.40000000000000013,0.5833333498901785,100.28,0.34798305189885015,0.009441625248900833,14.965888,81.906201,14.940091,84.55996,0.20107035483177405,0,0.0,0.5217391619835554,0.7399595179181608,0.6603097884671643,0.04051856713411331,1,1,4,0,0,0,0,1,0.4458572600492207,0.0
0.28137817883511074,0.7777777777777777,0.3199999809265137,0.5,30.49,0.6824576343244692,0.3046700573016678,14.035437,80.510094,16.222415,85.337904,0.427397774626439,0,0.0,0.43478261770958726,0.6020518188568784,0.8730022379146529,0.5044962839857128,1,3,1,2,0,0,0,1,0.28137817883511074,0.0
0.11197703035274817,0.2222222222222222,0.9600000381469727,0.7083334243959816,89.21,0.7820245671608899,0.6468020134679391,20.773298,79.778064,13.79002,83.576672,0.6656649546330782,1,0.1818181818181818,0.891304552893111,0.3626156990064496,0.9178538273510384,0.7827408883529043,1,2,2,0,0,1,0,0,0.11197703035274817,0.040404040404040394
0.12469237079573423,0.1111111111111111,0.6000000000000001,0.4583333747254461,37.65,0.2782221860844895,0.9506598912058483,19.403962,83.292579,14.554876,82.437211,0.40723719060968583,1,0.2727272727272727,0.5652173822904127,0.38744476983059467,0.5940171518106601,0.9722368004073738,1,1,3,0,0,0,1,0,0.12469237079573423,0.0303030303030303
0.24938474159146842,0.5555555555555556,0.8,0.33333339956071373,106.64,0.030744695080434592,0.44771574724614127,21.04265,83.613264,21.284686,83.488263,0.0,0,0.09090909090909091,0.6086957062575238,0.5675963285424732,0.137713663673251,0.6333447127142489,2,3,4,2,0,0,0,1,0.49876948318293685,0.05050505050505051
0.9577522559474981,0.7777777777777777,0.1600000381469726,0.0,74.95,0.8042311532675557,0.47055838733766403,12.094598,84.480602,12.500315,80.8749,0.28711016710059284,1,0.1818181818181818,0.08695654427396815,0.9856885050781032,0.9271363885128028,0.6519453857962783,1,3,2,0,0,1,0,0,0.9577522559474981,0.14141414141414138
0.4118129614438064,0.1111111111111111,0.4399999618530275,0.33333339956071373,105.41,0.8772291490745787,0.5220304665789972,14.418136,81.056051,15.882562,86.681126,0.4690562791033368,1,0.1818181818181818,0.4130435075561587,0.7155059702604358,0.9560620302762994,0.6923097260685083,1,1,2,1,0,1,0,0,0.4118129614438064,0.020202020202020197
0.6086956521739131,0.0,0.9200000762939453,0.9166667494508922,82.62,0.5873383985092686,0.13472081734441224,13.403093,81.228431,14.771298,77.33628,0.32819649179973065,1,0.9999999999999999,0.9782609935068252,0.8379833008983701,0.8241897466772365,0.3037882402850746,3,3,3,0,0,0,1,0,1.8260869565217392,0.0
0.15627563576702216,0.7777777777777777,0.6000000000000001,0.4583333747254461,101.25,0.905616654571765,0.923857866361591,16.4978,81.202966,13.435223,78.026865,0.35619683238716504,0,0.2727272727272727,0.5652173822904127,0.4424709799997069,0.9667099710199212,0.9568571042850738,1,1,4,1,0,0,1,0,0.15627563576702216,0.21212121212121207
0.9089417555373257,0.0,0.1600000381469726,0.33333339956071373,98.75,0.3045298442685151,0.15106600156192007,12.823713,86.24385,17.741438,80.52411,0.6237586735635247,0,0.1818181818181818,0.2608696328219047,0.9683967105086357,0.6204746337432612,0.32697799544066164,1,1,1,0,0,1,0,0,0.9089417555373257,0.0
0.2465135356849877,0.1111111111111111,0.4399999618530275,0.9166667494508922,90.18,0.3967745896346301,0.9129949250607426,21.300802,78.099101,15.235271,79.650149,0.5232193431214602,1,0.1818181818181818,0.7173912570246666,0.564333024368143,0.7003305088213003,0.9505609941646225,1,1,3,0,0,1,0,0,0.2465135356849877,0.020202020202020197
0.7251845775225595,0.3333333333333333,0.9200000762939453,0.29166667494508935,119.46,0.4550535408023641,0.6947208086306366,13.634688,81.317357,19.198154,79.886316,0.47841864630364594,0,0.7272727272727273,0.6521740302246348,0.8944351103215429,0.7429339124441783,0.8151633513018823,3,2,1,2,0,1,0,0,2.1755537325676784,0.24242424242424243
0.9557013945857261,0.7777777777777777,0.8799999237060547,0.5833333498901785,50.39,0.6986006112385367,0.6609136827057949,17.910045,81.56199,18.098924,87.896124,0.5043900081256057,0,0.4545454545454545,0.7826086911452064,0.9849787696249366,0.880665550648033,0.7924079570259477,3,2,4,1,1,0,0,0,2.8671041837571782,0.3535353535353534
0.2284659557013946,0.7777777777777777,0.20000000000000018,0.4166666501098215,90.54,0.8521854399181654,0.3962436680048081,21.66459,82.226635,16.892341,80.554716,0.4167565800388595,0,0.6363636363636364,0.32608696328219033,0.5430990239023921,0.9463987514377483,0.5896599809545946,2,1,4,0,0,0,1,0,0.4569319114027892,0.49494949494949486
0.8240360951599672,0.3333333333333333,0.1600000381469726,0.33333339956071373,73.2,0.6582404998534152,0.039187817047550845,14.575401,82.55641,13.625369,82.418092,0.06051397204971826,1,0.9999999999999999,0.2608696328219047,0.936136584701903,0.861190403517941,0.12901029976153544,3,2,2,1,0,0,1,0,2.4721082854799015,0.33333333333333326
0.9655455291222313,0.8888888888888888,0.5600000381469727,0.9166667494508922,53.94,0.12377341532016338,0.8528934194982132,12.094497,82.893369,19.135509,86.659978,0.6701801660400115,0,0.7272727272727273,0.7826088984657142,0.9883725481258752,0.38003892427398744,0.9150386250293725,3,1,4,2,0,1,0,0,2.896636587366694,0.6464646464646464
0.3552091878589007,0.1111111111111111,0.8399999618530274,0.25000004967053546,78.58,0.10742246018477968,0.4839593997597927,19.360304,84.132424,20.941636,77.01334,0.5780099543853401,0,0.2727272727272727,0.5869565961040952,0.6706728230046526,0.3476491624981448,0.6626535126558253,1,1,1,1,0,0,1,0,0.3552091878589007,0.0303030303030303
